Location,Beds,Price,Area,PricePerSqft
Vijayanagar,2,120.0,1500.0,0.08
Vijayanagar,5,68.0,1900.0,0.0357894736842105
Vijayanagar,5,250.0,2400.0,0.1041666666666666
Vijayanagar,4,45.0,1200.0,0.0375
Vijayanagar,4,25.0,600.0,0.0416666666666666
Vijayanagar,7,129.0,1200.0,0.1075
Vijayanagar,7,35.0,1200.0,0.0291666666666666
Vijayanagar,3,72.0,750.0,0.096
Vijayanagar,2,136.0,1250.0,0.1088
Vijayanagar,2,46.0,1200.0,0.0383333333333333
Vijayanagar,2,150.0,2176.0,0.0689338235294117
Vijayanagar,3,115.0,1200.0,0.0958333333333333
Vijayanagar,2,45.0,2130.0,0.0211267605633802
Vijayanagar,1,165.0,3229.0,0.0510994115825332
Vijayanagar,2,55.0,1400.0,0.0392857142857142
Vijayanagar,4,128.0,2700.0,0.0474074074074074
Vijayanagar,4,90.0,1355.0,0.066420664206642
Vijayanagar,3,100.0,1100.0,0.0909090909090909
Vijayanagar,2,52.0,1280.0,0.040625
Vijayanagar,2,140.0,2400.0,0.0583333333333333
Vijayanagar,4,65.0,1056.0,0.0615530303030303
Vijayanagar,5,225.0,600.0,0.375
Vijayanagar,5,120.0,1093.0,0.1097895699908508
Vijayanagar,3,200.0,2400.0,0.0833333333333333
Vijayanagar,12,195.0,32670.0,0.0059687786960514
Vijayanagar,2,90.0,1350.0,0.0666666666666666
Vijayanagar,2,120.0,1550.0,0.0774193548387096
Vijayanagar,2,50.0,1200.0,0.0416666666666666
Vijayanagar,5,85.0,1107.0,0.076784101174345
Vijayanagar,2,75.0,750.0,0.1
Vijayanagar,2,84.5,1250.0,0.0676
Vijayanagar,3,70.0,1463.0,0.0478468899521531
Vijayanagar,3,49.0,600.0,0.0816666666666666
Vijayanagar,2,75.0,2700.0,0.0277777777777777
Vijayanagar,2,54.0,1456.0,0.037087912087912
Vijayanagar,3,150.0,1180.0,0.1271186440677966
Vijayanagar,4,55.0,1505.0,0.0365448504983388
Vijayanagar,3,35.0,1260.0,0.0277777777777777
Vijayanagar,4,100.0,2400.0,0.0416666666666666
Vijayanagar,2,35.0,815.0,0.0429447852760736
Vijayanagar,2,68.0,174240.0,0.0003902662993572
Vijayanagar,2,360.0,700.0,0.5142857142857142
Vijayanagar,3,59.0,1200.0,0.0491666666666666
Vijayanagar,3,38.0,1150.0,0.0330434782608695
Vijayanagar,3,123.0,1200.0,0.1025
Vijayanagar,3,26.0,174240.0,0.0001492194674012
Vijayanagar,4,65.0,840.0,0.0773809523809523
Vijayanagar,3,125.0,360.0,0.3472222222222222
Vijayanagar,3,148.0,12.0,12.333333333333334
Vijayanagar,4,22.5,1200.0,0.01875
Vijayanagar,3,110.0,3230.0,0.0340557275541795
Allanahalli Layout,2,95.0,800.0,0.11875
Bannimantap,1,65.0,1290.0,0.0503875968992248
Bannimantap,2,220.0,2532.0,0.0868878357030015
Bannimantap,6,60.0,1350.0,0.0444444444444444
Bannimantap,4,72.0,800.0,0.09
Bogadi,4,62.0,1540.0,0.0402597402597402
Bogadi,3,62.0,1507.5,0.0411276948590381
Bogadi,2,44.0,1002.0,0.0439121756487025
Bogadi,3,80.0,1200.0,0.0666666666666666
Bogadi,2,72.0,835.0,0.0862275449101796
Bogadi,3,60.0,1300.0,0.0461538461538461
Bogadi,3,54.0,900.0,0.06
Bogadi,2,190.0,2400.0,0.0791666666666666
Bogadi,3,90.0,1200.0,0.075
Bogadi,4,65.0,1350.0,0.0481481481481481
Bogadi,8,400.0,5000.0,0.08
Bogadi,3,80.0,1063.0,0.0752587017873941
Bogadi,3,105.0,2400.0,0.04375
Bogadi,3,85.0,1200.0,0.0708333333333333
Bogadi,3,60.2,2400.0,0.0250833333333333
Bogadi,3,86.0,1080.0,0.0796296296296296
Bogadi,2,55.0,1350.0,0.0407407407407407
Bannimantap,2,50.0,1200.0,0.0416666666666666
Bannimantap,3,75.0,1500.0,0.05
Chamarajapuram,3,120.0,1300.0,0.0923076923076923
Chamarajapuram,2,65.0,600.0,0.1083333333333333
Dattagalli,3,86.0,1900.0,0.0452631578947368
Dattagalli,5,225.0,1550.0,0.1451612903225806
Dattagalli,3,95.0,1200.0,0.0791666666666666
Dattagalli,2,190.0,1710.0,0.1111111111111111
Dattagalli,4,142.0,1200.0,0.1183333333333333
Dattagalli,2,85.0,2400.0,0.0354166666666666
Dattagalli,3,70.0,600.0,0.1166666666666666
Dattagalli,3,72.0,2400.0,0.03
Dattagalli,3,172.0,660.0,0.2606060606060606
Dattagalli,3,34.0,600.0,0.0566666666666666
Dattagalli,3,50.0,180.0,0.2777777777777778
Dattagalli,2,50.0,3321.0,0.0150557061126166
Dattagalli,4,65.0,825.0,0.0787878787878787
Dattagalli,3,120.0,1200.0,0.1
Dattagalli,3,78.0,840.0,0.0928571428571428
Dattagalli,2,25.0,1200.0,0.0208333333333333
Dattagalli,4,44.99,2300.0,0.0195608695652173
Dattagalli,3,120.0,1350.0,0.0888888888888888
Dattagalli,5,330.0,2400.0,0.1375
Dattagalli,4,62.0,1460.0,0.0424657534246575
Dattagalli,3,60.0,2800.0,0.0214285714285714
Dattagalli,4,115.0,2000.0,0.0575
Dattagalli,3,75.0,925.0,0.081081081081081
Gayathripuram,3,65.0,1300.0,0.05
Gayathripuram,2,74.0,1200.0,0.0616666666666666
Gokulam,5,72.0,1500.0,0.048
Gokulam,4,95.0,750.0,0.1266666666666666
Gokulam,4,60.0,2700.0,0.0222222222222222
Gokulam,2,55.0,830.0,0.0662650602409638
Hanchya,2,130.0,2200.0,0.059090909090909
Hebbal,3,85.0,1539.0,0.0552306692657569
Hebbal,2,52.0,938.0,0.0554371002132196
Hebbal,3,70.0,1600.0,0.04375
Hebbal,2,55.0,1200.0,0.0458333333333333
Hebbal,3,75.0,1300.0,0.0576923076923076
Hebbal,2,93.75,600.0,0.15625
Hebbal,2,62.0,1850.0,0.0335135135135135
Hebbal,2,120.0,600.0,0.2
Hebbal,4,160.0,1058.0,0.1512287334593572
Hebbal,6,150.0,3900.0,0.0384615384615384
Hebbal,2,125.0,750.0,0.1666666666666666
Hebbal,4,68.5,600.0,0.1141666666666666
Hebbal,4,54.0,1200.0,0.045
Hebbal,3,86.5,1135.0,0.0762114537444934
Hebbal,4,125.0,600.0,0.2083333333333333
Hebbal,2,250.0,1200.0,0.2083333333333333
Hebbal,4,130.0,870.0,0.1494252873563218
Hootagalli,4,62.0,1420.0,0.0436619718309859
Hootagalli,3,160.0,1225.0,0.1306122448979592
Hootagalli,3,85.0,1900.0,0.0447368421052631
Hootagalli,2,76.0,2400.0,0.0316666666666666
Hootagalli,2,65.0,1100.0,0.059090909090909
Hulikere,1,78.0,1869.0,0.0417335473515248
Hulikere,3,400.0,5227.0,0.0765257317773101
Ittige Gudu,3,117.0,1260.0,0.0928571428571428
Ittige Gudu,2,78.0,840.0,0.0928571428571428
Ittige Gudu,5,95.0,3000.0,0.0316666666666666
JP Nagar,3,100.0,2400.0,0.0416666666666666
JP Nagar,3,55.0,1200.0,0.0458333333333333
JP Nagar,5,220.0,2160.0,0.1018518518518518
JP Nagar,3,68.0,1850.0,0.0367567567567567
JP Nagar,4,100.0,1336.0,0.0748502994011976
JP Nagar,3,85.0,1200.0,0.0708333333333333
JP Nagar,3,55.0,920.0,0.0597826086956521
JP Nagar,3,130.0,3750.0,0.0346666666666666
JP Nagar,3,333.0,10889.0,0.0305813205987694
JP Nagar,3,46.0,1050.0,0.0438095238095238
JP Nagar,3,52.09,1200.0,0.0434083333333333
JP Nagar,3,75.0,1500.0,0.05
JP Nagar,3,61.0,1350.0,0.0451851851851851
JP Nagar,2,52.0,1200.0,0.0433333333333333
JP Nagar,2,105.0,2340.0,0.0448717948717948
JP Nagar,2,120.0,2400.0,0.05
JP Nagar,2,58.0,1200.0,0.0483333333333333
Jayalakshmipuram,2,70.0,1120.0,0.0625
Jayalakshmipuram,3,134.0,750.0,0.1786666666666666
Jayalakshmipuram,3,57.0,1200.0,0.0475
Jayalakshmipuram,3,110.0,1200.0,0.0916666666666666
Jayalakshmipuram,2,190.0,1800.0,0.1055555555555555
Jayalakshmipuram,3,110.0,2400.0,0.0458333333333333
Jayanagar,2,200.0,1162.0,0.1721170395869191
Jayanagar,2,125.0,1800.0,0.0694444444444444
Jayanagar,2,205.0,9000.0,0.0227777777777777
Jayanagar,2,70.0,2400.0,0.0291666666666666
Jss Layout,7,125.0,1200.0,0.1041666666666666
KRS Road,4,149.0,3040.0,0.0490131578947368
KRS Road,3,102.0,1860.0,0.0548387096774193
KRS Road,2,76.0,1400.0,0.0542857142857142
KRS Road,4,15.0,1700.0,0.0088235294117647
KRS Road,3,125.0,1200.0,0.1041666666666666
KRS Road,2,49.0,1200.0,0.0408333333333333
KRS Road,5,92.0,2580.0,0.0356589147286821
KRS Road,2,28.0,2178.0,0.0128558310376492
KRS Road,3,42.0,750.0,0.056
Kalyanagiri,2,75.0,1165.0,0.0643776824034334
Kalyanagiri,3,75.0,1200.0,0.0625
Kalyanagiri,2,58.0,660.0,0.0878787878787878
Kalyanagiri,2,115.0,1400.0,0.0821428571428571
Kalyanagiri,2,58.0,630.0,0.092063492063492
Kesare,2,56.0,890.0,0.0629213483146067
Kuvempunagar,4,72.0,400.0,0.18
Kuvempunagar,3,45.0,1500.0,0.03
Kuvempunagar,2,72.0,1200.0,0.06
Kuvempunagar,2,185.0,950.0,0.1947368421052631
Kuvempunagar,3,90.0,630.0,0.1428571428571428
Lakshmipuram,2,73.0,1098.0,0.0664845173041894
Lakshmipuram,3,68.0,920.0,0.0739130434782608
Mandi Mohalla,1,110.0,2680.0,0.0410447761194029
Mandi Mohalla,1,85.0,2400.0,0.0354166666666666
N R Mohalla,2,85.0,1200.0,0.0708333333333333
N R Mohalla,3,87.0,2000.0,0.0435
Nanjangud,2,88.0,1200.0,0.0733333333333333
Nanjangud,2,80.0,1030.0,0.0776699029126213
Nanjangud,4,185.0,1200.0,0.1541666666666666
Police layout,3,225.0,2900.0,0.0775862068965517
Police layout,2,100.0,1450.0,0.0689655172413793
RS Naidu Nagar,2,53.0,1000.0,0.053
RS Naidu Nagar,2,85.0,1200.0,0.0708333333333333
RS Naidu Nagar,3,73.0,1200.0,0.0608333333333333
Rajiv Nagar,2,135.0,1759.0,0.076748152359295
Rajiv Nagar,2,55.0,4000.0,0.01375
Rajiv Nagar,2,125.0,1902.0,0.065720294426919
Rajiv Nagar,4,38.0,600.0,0.0633333333333333
Rajiv Nagar,2,37.0,1170.0,0.0316239316239316
Rajiv Nagar,2,95.0,2400.0,0.0395833333333333
Rajiv Nagar,4,140.0,1200.0,0.1166666666666666
Rajiv Nagar,2,700.0,5300.0,0.1320754716981132
Rajiv Nagar,2,60.0,1200.0,0.05
Saraswathipuram,4,115.0,3375.0,0.034074074074074
Saraswathipuram,4,125.0,600.0,0.2083333333333333
Saraswathipuram,6,150.0,1200.0,0.125
Sardar Vallabh Bhai Patel Nagar,3,15.0,7200.0,0.0020833333333333
Sathagalli Layout,4,55.0,1840.0,0.029891304347826
Sathagalli Layout,5,78.0,16200.0,0.0048148148148148
Sathagalli Layout,4,45.0,1550.0,0.0290322580645161
Sathagalli Layout,8,66.0,14447.0,0.0045684225098636
Sharadadevi Nagar,3,98.0,12000.0,0.0081666666666666
Siddarthanagar,2,75.0,1480.0,0.0506756756756756
Srirampura,2,140.0,1920.0,0.0729166666666666
Srirampura,3,65.0,600.0,0.1083333333333333
Srirampura,3,92.0,864.0,0.1064814814814814
Srirampura,4,54.0,2100.0,0.0257142857142857
Srirampura,2,165.0,900.0,0.1833333333333333
Srirampura,3,40.0,1500.0,0.0266666666666666
Srirampura,5,80.0,1710.0,0.0467836257309941
Srirampura,2,225.0,2400.0,0.09375
Srirampura,3,158.0,1200.0,0.1316666666666666
Srirampura,5,150.0,1200.0,0.125
Srirampura,3,110.0,1288.0,0.0854037267080745
Srirampura,3,150.0,1200.0,0.125
Srirampura,2,82.0,2400.0,0.0341666666666666
Srirangapatna,3,56.0,1700.0,0.0329411764705882
Srirangapatna,1,85.0,2400.0,0.0354166666666666
Udayagiri,4,75.0,900.0,0.0833333333333333
Udayagiri,4,110.0,1165.0,0.0944206008583691
Udayagiri,2,75.0,600.0,0.125
VV Mohalla,7,100.0,1098.0,0.0910746812386156
VV Mohalla,2,88.0,1200.0,0.0733333333333333
VV Mohalla,2,34.0,1200.0,0.0283333333333333
VV Mohalla,3,90.0,1950.0,0.0461538461538461
Vidyaranyapuram,3,135.0,2560.0,0.052734375
Vidyaranyapuram,2,120.0,2050.0,0.0585365853658536
Vidyaranyapuram,2,95.0,1240.0,0.0766129032258064
Vidyaranyapuram,2,130.0,3049.0,0.0426369301410298
Vijayanagar,7,75.5,600.0,0.1258333333333333
Vijayanagar,5,150.0,3750.0,0.04
Vijayanagar,5,65.0,600.0,0.1083333333333333
Vijayanagar,4,95.0,1800.0,0.0527777777777777
Vijayanagar,2,65.0,1500.0,0.0433333333333333
Vijayanagar,4,75.0,2400.0,0.03125
Vijayanagar,2,95.0,2400.0,0.0395833333333333
Vijayanagar,2,130.0,2400.0,0.0541666666666666
Vijayanagar,5,67.0,1200.0,0.0558333333333333
Vijayanagar,3,80.0,1485.0,0.0538720538720538
Vijayanagar,3,25.0,3800.0,0.006578947368421
Vijayanagar,4,110.0,3320.0,0.0331325301204819
Vishweshwara Nagar,3,68.0,1800.0,0.0377777777777777
Vishweshwara Nagar,2,33.0,1200.0,0.0275
Vivekananda Nagar,4,51.0,900.0,0.0566666666666666
VV Mohalla,3,56.0,730.0,0.0767123287671232
VV Mohalla,7,130.0,1463.0,0.0888585099111414
VV Mohalla,2,60.0,2400.0,0.025
VV Mohalla,2,130.0,3000.0,0.0433333333333333
Yadavagiri,2,330.0,1350.0,0.2444444444444444
Yadavagiri,2,90.0,1112.0,0.0809352517985611
Yadavagiri,3,500.0,2400.0,0.2083333333333333
Yadavagiri,2,100.0,650.0,0.1538461538461538
Yadavagiri,3,95.0,581.0,0.1635111876075731
Yadavagiri,3,70.0,600.0,0.1166666666666666
Yadavagiri,7,325.0,1850.0,0.1756756756756756
Yaraganahalli,3,92.5,1629.0,0.0567833026396562
Yaraganahalli,2,70.0,1251.0,0.0559552358113509
Yelawala,4,140.0,1500.0,0.0933333333333333
Yelawala,3,200.0,1637.0,0.1221747098350641
Yelawala,2,130.0,750.0,0.1733333333333333
 Alanahalli Village,1,40.0,600.0,0.07
 Alanahalli Village,3,80.0,1400.0,0.06
 Alanahalli Village,2,74.0,1250.0,0.06
BEML,3,120.0,2200.0,0.05
BEML,3,128.0,2200.0,0.06
Bogadi,2,54.9,1100.0,0.05
Bogadi,3,115.0,2130.0,0.05
Bogadi,2,62.5,989.0,0.06
Bogadi,4,120.0,2000.0,0.06
Bogadi,2,55.0,600.0,0.09
Bogadi,2,55.0,600.0,0.09
Bogadi,2,55.0,600.0,0.09
Bogadi,2,110.0,1225.0,0.09
Bogadi,8,250.0,5700.0,0.04
Bogadi,3,110.0,1200.0,0.09
Bogadi,3,95.0,1200.0,0.08
Bogadi,3,67.0,1300.0,0.05
Bogadi,10,145.0,3500.0,0.04
Bogadi,5,135.0,3000.0,0.04
Bogadi,5,140.0,3300.0,0.04
Bogadi,3,100.0,2200.0,0.05
Bogadi,3,85.0,1900.0,0.04
Dattagalli,3,90.0,1600.0,0.06
Dattagalli,3,65.5,1300.0,0.05
Dattagalli,3,120.0,1800.0,0.07
Dattagalli,3,120.0,1800.0,0.07
Dattagalli,3,90.0,2400.0,0.04
Deepanagar,4,334.0,5130.0,0.07
Deepanagar,3,65.0,1400.0,0.05
 Gaddige Road,3,158.0,2880.0,0.05
 Gaddige Road,4,374.02,5230.0,0.07
 Gaddige Road,3,62.27,950.0,0.07
Gokulam,10,270.0,5000.0,0.05
Gokulam,4,200.0,2700.0,0.07
Gokulam,3,80.0,1350.0,0.06
Hebbal,2,50.0,1225.0,0.04
Hebbal,2,55.0,1225.0,0.04
Hebbal,2,32.0,750.0,0.04
Hebbal,2,65.0,920.0,0.07
Hebbal,2,65.0,920.0,0.07
Hebbal,4,130.0,2600.0,0.05
Hebbal,2,31.0,750.0,0.04
Hebbal,2,33.0,815.0,0.04
Hebbal,2,54.99,1200.0,0.05
Hebbal,2,50.0,960.0,0.05
Hebbal,2,85.0,1600.0,0.05
Hebbal,3,72.0,1282.0,0.06
Hebbal,2,45.0,832.0,0.05
Hebbal,2,48.0,600.0,0.08
Hebbal,1,48.0,600.0,0.08
Hebbal,1,37.0,458.0,0.08
Hebbal,3,70.0,1200.0,0.06
Hebbal,2,125.0,2750.0,0.05
 Hulikere,2,43.0,1240.0,0.03
Yelawala,2,52.0,1125.0,0.05
Yelawala,2,52.0,1125.0,0.05
Yelawala,2,50.0,1300.0,0.04
Yelawala,3,60.0,1323.0,0.05
JP Nagar,2,85.0,1200.0,0.07
JP Nagar,2,72.0,1300.0,0.06
JP Nagar,2,71.0,1200.0,0.06
JP Nagar,2,72.0,1200.0,0.06
JP Nagar,3,110.0,1200.0,0.09
JP Nagar,2,70.0,1200.0,0.06
JP Nagar,2,95.0,1750.0,0.05
Jayalakshmipuram,3,120.0,1800.0,0.07
Jayalakshmipuram,3,120.0,1800.0,0.07
Jayalakshmipuram,2,64.0,1000.0,0.06
Jayalakshmipuram,3,120.0,1700.0,0.07
Jayalakshmipuram,3,120.0,1700.0,0.07
 KC Layout,10,290.0,7200.0,0.04
Kesare,8,72.0,3000.0,0.02
Kuvempunagar,2,64.0,1010.0,0.06
Kuvempunagar,3,92.0,1505.0,0.06
Kuvempunagar,2,68.0,1128.0,0.06
Kuvempunagar,3,74.0,1350.0,0.05
Kuvempunagar,3,91.0,1505.0,0.06
Kuvempunagar,3,91.0,1505.0,0.06
Kuvempunagar,2,70.0,1010.0,0.07
Kuvempunagar,4,215.0,3600.0,0.06
Kuvempunagar,1,42.0,720.0,0.06
Kuvempunagar,2,42.0,600.0,0.07
Kuvempunagar,2,45.0,640.0,0.07
Kuvempunagar,2,45.0,640.0,0.07
Lakshmipuram,2,60.0,1300.0,0.05
Lakshmipuram,2,54.0,1225.0,0.04
Lakshmipuram,2,50.0,1120.0,0.04
Ramakrishnanagar,5,320.0,3500.0,0.09
Ramakrishnanagar,4,109.99,1200.0,0.09
Ramakrishnanagar,4,110.0,1200.0,0.09
Ramakrishnanagar,4,115.0,1200.0,0.1
 Saraswathipuram,2,62.0,1000.0,0.06
 Saraswathipuram,3,200.0,3055.0,0.07
 Saraswathipuram,3,200.0,3055.0,0.07
 Saraswathipuram,3,200.0,3055.0,0.07
Siddarthanagar,2,52.0,1100.0,0.05
Siddarthanagar,2,52.0,1100.0,0.05
Siddarthanagar,2,75.0,1480.0,0.05
Somanatha Nagar,3,105.0,2000.0,0.05
Somanatha Nagar,2,50.0,1349.0,0.04
Somanatha Nagar,2,50.0,1349.0,0.04
Srirampura,7,160.0,3400.0,0.05
Srirampura,3,66.0,1354.0,0.05
Srirampura,2,65.0,1200.0,0.05
Srirampura,3,115.0,2000.0,0.06
Srirampura,3,55.0,1200.0,0.05
Srirampura,2,45.0,600.0,0.08
Srirampura,3,130.0,2400.0,0.05
Srirampura,2,75.0,1000.0,0.08
Srirampura,2,65.0,1200.0,0.05
Srirampura,2,78.0,1200.0,0.06
Srirampura,3,125.0,2400.0,0.05
Srirampura,2,75.0,1200.0,0.06
VV Mohalla,2,75.0,1165.0,0.06
VV Mohalla,2,75.0,1165.0,0.06
VV Mohalla,2,72.0,1200.0,0.06
Vidyaranyapuram,2,56.0,1280.0,0.04
Vidyaranyapuram,2,47.0,920.0,0.05
Vidyaranyapuram,3,85.0,2000.0,0.04
Vidyaranyapuram,2,45.0,920.0,0.05
Vidyaranyapuram,2,42.0,910.0,0.05
Vidyaranyapuram,2,44.0,974.0,0.05
Vijayanagar,2,72.0,1450.0,0.05
Vijayanagar,2,175.0,3200.0,0.05
Vijayanagar,2,58.0,1056.0,0.05
Vijayanagar,2,65.0,1160.0,0.06
Vijayanagar,3,230.0,2925.0,0.08
Vijayanagar,2,62.0,1100.0,0.06
Vijayanagar,2,75.0,1188.0,0.06
Vijayanagar,2,155.0,1800.0,0.09
Vijayanagar,3,125.0,2150.0,0.06
Vijayanagar,1,85.0,1300.0,0.07
Vijayanagar,5,400.0,6500.0,0.06
Vijayanagar,2,52.0,600.0,0.09
Vijayanagar,3,120.0,2000.0,0.06
Vijayanagar,3,120.0,2000.0,0.06
Vijayanagar,2,58.0,962.0,0.06
Vijayanagar,2,53.0,1145.0,0.05
Vijayanagar,3,110.0,1200.0,0.09
Vijayanagar,4,380.0,5500.0,0.07
Vijayanagar,3,150.0,1800.0,0.08
Vijayanagar,3,385.0,4800.0,0.08
Vijayanagar,2,58.0,1174.0,0.05
Vijayanagar,2,85.0,1100.0,0.08
Vijayanagar,3,72.0,1150.0,0.06
Vijayanagar,2,85.0,1100.0,0.08
Vijayanagar,4,145.0,2400.0,0.06
Vijayanagar,3,58.0,1200.0,0.05
Vijayanagar,2,55.0,790.0,0.07
Vijayanagar,3,135.0,2200.0,0.06
Vijayanagar,2,110.0,1200.0,0.09
Vijayanagar,3,56.0,1250.0,0.04
Vijayanagar,2,50.0,900.0,0.06
 Vivekananda Nagar,3,120.0,2000.0,0.06
 Vivekananda Nagar,4,130.0,2400.0,0.05
 Vivekananda Nagar,2,50.0,600.0,0.08
Yadavagiri,3,110.0,1650.0,0.07
Yadavagiri,3,118.0,1950.0,0.06
Yadavagiri,2,60.0,1210.0,0.05
BEML,3,64.86,972.0,0.07
BEML,3,100.0,2000.0,0.05
BEML,3,135.0,2400.0,0.06
BEML,2,54.2,1098.0,0.05
BEML,2,69.0,1200.0,0.06
BEML,3,128.0,2200.0,0.06
Bannimantap,1,32.0,420.0,0.08
Bannimantap,3,58.87,950.0,0.06
Basavanahalli,4,85.0,1200.0,0.07
Basavanahalli,2,85.0,1200.0,0.07
Chamarajapuram,5,75.0,2000.0,0.04
Chamarajapuram,2,45.0,1000.0,0.04
Dattagalli,3,100.0,1399.0,0.07
Dattagalli,4,180.0,3000.0,0.06
Dattagalli,3,95.0,2200.0,0.04
Dattagalli,3,110.0,2300.0,0.05
Dattagalli,3,67.0,1100.0,0.06
Dattagalli,3,150.0,2600.0,0.06
Dattagalli,3,67.0,1100.0,0.06
Dattagalli,4,120.0,1200.0,0.1
Dattagalli,3,140.0,1200.0,0.12
Dattagalli,3,62.0,1200.0,0.05
Dattagalli,3,100.0,2200.0,0.05
Dattagalli,3,70.0,1150.0,0.06
Dattagalli,3,70.0,1300.0,0.05
Dattagalli,4,70.0,1200.0,0.06
Dattagalli,3,120.0,1600.0,0.08
Deepanagar,3,72.53,1204.0,0.06
Yelawala,2,40.0,1200.0,0.03
Yelawala,2,42.0,1000.0,0.04
Fort Mohalla,2,70.0,830.0,0.08
Fort Mohalla,2,75.0,820.0,0.09
Gokulam,3,115.5,1220.0,0.09
Gokulam,3,99.0,1200.0,0.08
Hebbal,2,47.0,600.0,0.08
Hebbal,4,135.0,2200.0,0.06
Hebbal,3,95.0,1200.0,0.08
Hebbal,3,70.0,1200.0,0.06
Hebbal,2,45.0,625.0,0.07
Hinkal,3,70.0,1700.0,0.04
Hinkal,3,52.5,1000.0,0.05
Hinkal,3,54.4,1200.0,0.05
Hulikere,2,36.29,750.0,0.05
Hulikere,2,52.0,1200.0,0.04
Huyilalu,3,182.0,4500.0,0.04
Yelawala,3,44.03,1070.0,0.04
Yelawala,2,115.0,2400.0,0.05
Yelawala,4,200.0,4000.0,0.05
Yelawala,2,60.0,1300.0,0.05
Yelawala,2,45.0,1185.0,0.04
Yelawala,1,30.0,700.0,0.04
Yelawala,2,31.0,750.0,0.04
Yelawala,3,42.0,1070.0,0.04
JP Nagar,6,140.0,2400.0,0.06
JP Nagar,3,82.0,1200.0,0.07
JP Nagar,3,134.4,2400.0,0.06
JP Nagar,2,65.0,1200.0,0.05
JP Nagar,2,50.0,750.0,0.07
JP Nagar,2,85.0,1200.0,0.07
JP Nagar,2,85.0,1200.0,0.07
JP Nagar,3,80.0,1200.0,0.07
JP Nagar,2,95.0,1750.0,0.05
JSS Layout,4,120.0,2800.0,0.04
JSS Layout,3,137.0,3000.0,0.05
JSS Layout,7,250.0,5500.0,0.05
Jayalakshmipuram,3,71.5,1318.0,0.05
Jayalakshmipuram,2,60.0,1176.0,0.05
Jayalakshmipuram,2,75.0,1500.0,0.05
Jayalakshmipuram,2,68.0,1076.0,0.06
Jayalakshmipuram,3,56.93,1150.0,0.05
Jayalakshmipuram,2,71.5,1300.0,0.06
Kalyanagiri,5,70.0,2040.0,0.03
Kesare,2,45.0,600.0,0.08
Kesare,3,250.0,3300.0,0.08
Kesare,2,90.0,1500.0,0.06
Kesare,2,42.0,600.0,0.07
Lakshmipuram,2,60.0,1300.0,0.05
Lakshmipuram,2,60.0,1300.0,0.05
Madagalli,3,70.01,1200.0,0.06
Madagalli,3,70.0,1200.0,0.06
Metagalli,4,81.5,1200.0,0.07
Metagalli,5,100.0,3200.0,0.03
Metagalli,3,119.99,3250.0,0.04
Metagalli,2,25.0,600.0,0.04
Nanjangud,2,60.0,1200.0,0.05
Nanjangud,2,50.0,900.0,0.06
Niveditha Nagar,4,120.0,1200.0,0.1
Niveditha Nagar,3,120.0,1200.0,0.1
Niveditha Nagar,3,120.0,1200.0,0.1
Rajarajeshwari Nagar,3,95.0,1280.0,0.07
Rajarajeshwari Nagar,3,75.0,1000.0,0.08
Rajendra Nagar,3,65.0,1220.0,0.05
Rajiv Nagar,4,85.0,1500.0,0.06
Rajiv Nagar,4,150.0,2400.0,0.06
Rajiv Nagar,2,70.0,1200.0,0.06
Rajiv Nagar,2,45.0,600.0,0.08
Rajiv Nagar,2,33.0,600.0,0.06
Rajiv Nagar,6,145.0,3040.0,0.05
Rajiv Nagar,3,85.0,1800.0,0.05
Ramakrishnanagar,2,160.0,1800.0,0.09
Ramakrishnanagar,2,135.0,1200.0,0.11
Ramakrishnanagar,4,185.0,2600.0,0.07
Ramakrishnanagar,3,155.0,2000.0,0.08
Ramakrishnanagar,2,45.0,600.0,0.08
Saraswathipuram,3,220.0,2400.0,0.09
Saraswathipuram,2,165.0,1400.0,0.12
Sardar Vallabh Bhai Patel Nagara,2,70.0,1200.0,0.06
Sardar Vallabh Bhai Patel Nagara,2,62.0,1200.0,0.05
Siddarthanagar,3,92.24,1338.0,0.07
Somanatha Nagar,3,110.0,2300.0,0.05
Somanatha Nagar,3,150.0,2900.0,0.05
Somanatha Nagar,3,159.99,2900.0,0.06
Somanatha Nagar,3,105.0,1800.0,0.06
Somanatha Nagar,3,150.0,2900.0,0.05
Somanatha Nagar,2,65.0,1000.0,0.06
Somanatha Nagar,3,160.0,2900.0,0.06
Somanatha Nagar,3,160.0,2900.0,0.06
Somanatha Nagar,3,160.0,2900.0,0.06
Somanatha Nagar,3,150.0,2900.0,0.05
Somanatha Nagar,3,150.0,2900.0,0.05
Somanatha Nagar,3,150.0,2900.0,0.05
Somanatha Nagar,3,160.0,2900.0,0.06
Somanatha Nagar,4,129.91,1602.0,0.08
Srirampura,2,75.0,1200.0,0.06
Srirampura,2,40.0,600.0,0.07
Srirampura,3,100.0,1200.0,0.08
Udayagiri,3,120.0,1100.0,0.11
Udayagiri,3,150.0,1500.0,0.1
VV Mohalla,3,73.5,1463.0,0.05
VV Mohalla,3,66.44,1450.0,0.05
Vidyaranyapuram,2,46.0,855.0,0.05
Vidyaranyapuram,2,37.38,885.0,0.04
Vidyaranyapuram,3,39.64,1096.0,0.04
Vidyaranyapuram,3,59.5,1000.0,0.06
Vidyaranyapuram,3,49.5,1500.0,0.03
Vijayanagar,3,69.0,932.0,0.07
Vijayanagar,3,59.24,942.0,0.06
Vijayanagar,4,100.0,2200.0,0.05
Vijayanagar,2,64.0,1200.0,0.05
Vijayanagar,3,69.0,1200.0,0.06
Vijayanagar,2,65.0,1200.0,0.05
Vijayanagar,4,130.0,2350.0,0.06
Vijayanagar,3,64.0,1175.0,0.05
Vijayanagar,2,50.0,650.0,0.08
Vijayanagar,3,58.0,1100.0,0.05
Vijayanagar,2,82.0,1200.0,0.07
Vijayanagar,2,43.0,600.0,0.07
Vijayanagar,2,62.79,1221.0,0.05
Vijayanagar,3,58.39,918.0,0.06
Vijayanagar,3,50.75,1000.0,0.05
Vijayanagar,3,66.1,1257.0,0.05
VV Mohalla,3,150.0,2100.0,0.07
VV Mohalla,3,50.4,977.0,0.05
VV Mohalla,4,160.0,2750.0,0.06
Yadavagiri,3,96.75,1509.0,0.06
Yadavagiri,3,108.14,1288.0,0.08
Yadavagiri,2,63.25,1183.0,0.05
Yadavagiri,3,79.16,1116.0,0.07
Yadavagiri,3,52.93,967.0,0.05
Yadavagiri,3,105.3,1265.0,0.08
Yadavagiri,3,96.75,1350.0,0.07
